HLA-A	HLA-A*01:01:01:01
HLA-B	HLA-B*07:02:01
HLA-C	HLA-C*01:02:01
HLA-DPA1	HLA-DPA1*01:03:01:02
HLA-DPB1	HLA-DPB1*02:01:02
HLA-DQA1	HLA-DQA1*01:01:01:01
HLA-DQB1	HLA-DQB1*02:01:01
HLA-DRB1	HLA-DRB1*01:01:01
HLA-DRB3	HLA-DRB3*01:01:02:01
HLA-DRB4	HLA-DRB4*01:01:01:01
HLA-DRB5	HLA-DRB5*01:01:01
HLA-A*01	HLA-A*01:01:01:01
HLA-A*02	HLA-A*02:01:01:01
HLA-A*03	HLA-A*03:01:01:01
HLA-A*11	HLA-A*11:01:01:01
HLA-A*23	HLA-A*23:01:01
HLA-A*24	HLA-A*24:02:01:01
HLA-A*25	HLA-A*25:01:01
HLA-A*26	HLA-A*25:01:01
HLA-A*29	HLA-A*29:01:01:01
HLA-A*30	HLA-A*30:01:01
HLA-A*31	HLA-A*31:01:02:01
HLA-A*32	HLA-A*32:01:01
HLA-A*33	HLA-A*33:01:01
HLA-A*34	HLA-A*34:01:01
HLA-A*36	HLA-A*01:01:01:01
HLA-A*43	HLA-A*66:01:01
HLA-A*66	HLA-A*66:01:01
HLA-A*68	HLA-A*68:01:01:02
HLA-A*69	HLA-A*68:01:01:02
HLA-A*74	HLA-A*74:02:01:02
HLA-A*80	HLA-A*80:01:01:01
HLA-B*07	HLA-B*07:02:01
HLA-B*08	HLA-B*08:01:01:01
HLA-B*13	HLA-B*13:01:01
HLA-B*14	HLA-B*14:01:01
HLA-B*15	HLA-B*15:01:01:01
HLA-B*18	HLA-B*18:01:01:01
HLA-B*27	HLA-B*27:02:01
HLA-B*35	HLA-B*35:01:01:01
HLA-B*37	HLA-B*37:01:01
HLA-B*38	HLA-B*38:01:01
HLA-B*39	HLA-B*38:01:01
HLA-B*40	HLA-B*40:01:02
HLA-B*41	HLA-B*40:305
HLA-B*42	HLA-B*42:01:01
HLA-B*44	HLA-B*44:02:01:01
HLA-B*45	HLA-B*45:01:01
HLA-B*46	HLA-B*46:01:01
HLA-B*47	HLA-B*47:01:01:03
HLA-B*48	HLA-B*48:01:01
HLA-B*49	HLA-B*49:01:01
HLA-B*50	HLA-B*49:01:01
HLA-B*51	HLA-B*51:01:01:01
HLA-B*52	HLA-B*51:01:01:01
HLA-B*53	HLA-B*53:01:01
HLA-B*54	HLA-B*54:01:01
HLA-B*55	HLA-B*54:01:01
HLA-B*56	HLA-B*54:01:01
HLA-B*57	HLA-B*57:01:01
HLA-B*58	HLA-B*53:01:01
HLA-B*59	HLA-B*54:01:01
HLA-B*67	HLA-B*67:01:01
HLA-B*73	HLA-B*73:01
HLA-B*78	HLA-B*51:01:01:01
HLA-B*81	HLA-B*48:01:01
HLA-C*01	HLA-C*01:02:01
HLA-C*02	HLA-C*02:02:02:01
HLA-C*03	HLA-C*03:02:02:01
HLA-C*04	HLA-C*04:01:01:01
HLA-C*05	HLA-C*05:01:01:01
HLA-C*06	HLA-C*06:02:01:01
HLA-C*07	HLA-C*07:01:01:01
HLA-C*08	HLA-C*08:01:01
HLA-C*12	HLA-C*12:02:02
HLA-C*14	HLA-C*14:02:01:01
HLA-C*15	HLA-C*15:02:01:01
HLA-C*16	HLA-C*16:01:01:01
HLA-C*17	HLA-C*17:01:01:01
HLA-C*18	HLA-C*18:01
HLA-DPA1*01	HLA-DPA1*01:03:01:02
HLA-DPA1*02	HLA-DPA1*02:01:02
HLA-DRB1*01	HLA-DRB1*01:01:01
HLA-DRB1*03	HLA-DRB1*03:01:01:01
HLA-DRB1*04	HLA-DRB1*04:01:01:01
HLA-DRB1*07	HLA-DRB1*07:01:01:01
HLA-DRB1*08	HLA-DRB1*08:03:02
HLA-DRB1*09	HLA-DRB1*09:21
HLA-DRB1*11	HLA-DRB1*11:01:01:01
HLA-DRB1*12	HLA-DRB1*12:01:01:02
HLA-DRB1*13	HLA-DRB1*13:01:01:01
HLA-DRB1*14	HLA-DRB1*14:05:01
HLA-DRB1*15	HLA-DRB1*15:01:01:02
HLA-DRB1*16	HLA-DRB1*15:01:01:02
HLA-DMA	HLA-DMA*01:01:01:01
HLA-DMB	HLA-DMB*01:01:01:01
HLA-DOA	HLA-DOA*01:01:01
HLA-DOB	HLA-DOB*01:01:01:01
HLA-DPB2	HLA-DPB2*01:01:01
HLA-DRA	HLA-DRA*01:01:01:01
HLA-E	HLA-E*01:01:01:01
HLA-F	HLA-F*01:01:01:01
HLA-G	HLA-G*01:01:01:01
HLA-HFE	HLA-HFE*001:01:01
HLA-H	HLA-H*01:01:01:01
HLA-A	HLA-A*01:01:01:01
HLA-J	HLA-J*01:01:01:01
HLA-K	HLA-K*01:01:01:01
HLA-L	HLA-L*01:01:01:01
HLA-MICA	HLA-MICA*001
HLA-MICB	HLA-MICB*002:01:01
HLA-P	HLA-P*01:01:01:01
HLA-TAP1	HLA-TAP1*01:01:01:01
HLA-TAP2	HLA-TAP2*01:01:02
HLA-V	HLA-V*01:01:01:01
